uid,freq_min,natoms
1MoS2-1,-2.1790884819375852e-07,3
2CoS2-1,-1.340357949848103e-07,6
2CoS2-2,-3.260718699592786e-08,6
2TiS2-1,-1.63138434842984e-07,6
1TaAs2-2,-1.407850895477004e-07,3
1CrI2-1,-1.0532598550583262e-07,3
2PdBr2-1,-6.509544764094445e-08,6
1NbI2-3,-5.7400528252861186e-08,3
1MoAs2-2,-1.3336063126703506e-07,3
1AlTe2-1,-5.034507927885607e-08,3
1YF2-1,-9.247941213502619e-08,3
1PdBr2-2,-6.51173682837253e-08,3
1OsBr2-2,-8.029746012708851e-08,3
8STl2-1,-7.119640703256023e-08,24
1FeSe2-1,-4.037451670612275e-08,3
2PdO2-1,-1.1885266147484703,6
1NbSe2-1,5.6449424322144584e-08,3
2NiO2-1,-2.0917668674710733e-07,6
1TaI2-1,-6.511275215195812e-08,3
2MgI2-1,-1.1062333802950948e-07,6
1MnBr2-2,-1.7509374065046725e-08,3
1ScF2-2,1.5040834054619728e-07,3
2HfF2-1,-1.3317980027258097e-07,6
1ReI2-2,-0.4112805528702535,3
1NMo2-1,-1.7476673216923906e-07,3
1CsBr2-1,-1.1027389193280888,3
1NHf2-1,7.823624913360189e-08,3
2AgBr2-1,-9.366681714701998e-08,6
1AgCl2-1,-0.22148242488706782,3
1RhO2-2,-1.7260021968553756e-07,3
1OsF2-3,-3.57408203156227,3
1SrCl2-1,-5.925882410992223e-08,3
1SrCl2-3,-1.2907221670603295,3
3MnI2-2,-7.468398240780216e-08,9
2PtTe2-1,3.18104273410117e-08,6
1CMn2-1,-2.2872929331961755e-07,3
1GeO2-1,-2.0680603540518385e-07,3
1ZnS2-1,-1.0099919844871449e-07,3
2SeCu2-1,-1.1649398825841183e-07,6
1PtF2-3,-3.817512027225476,3
1GaS2-1,-2.1442841818698258e-07,3
2SeNb2-1,-1.2189039891115525e-07,6
1NMn2-1,-4.070647655781652,3
2PdF2-3,-3.276106232058441e-07,6
2SNb2-1,-9.044660429958284e-08,6
1YI2-2,-5.213000599616871e-08,3
2MnTe2-1,-7.810017463393857e-08,6
1SbO2-1,-3.174763900431109e-07,3
1CrF2-2,-1.5853259684049134e-07,3
1AgTe2-2,-5.4081801806295904e-08,3
1CoTe2-2,-3.9271293959022494e-08,3
1CuBr2-1,-4.794861836748509e-08,3
1IrO2-3,-1.7137209250879175e-07,3
1IrO2-2,-2.626464649931286e-07,3
1BiTe2-1,-7.679289714391711e-08,3
1AlI2-2,-6.969582979951205e-08,3
1TiO2-2,-1.801419616466331e-07,3
1BiSe2-3,-0.15015088644213062,3
1WTe2-3,-5.8393223426957956e-08,3
1FeLi2-1,-1.8666507014860677e-07,3
2SnCl2-1,-0.5782750134052879,6
2AlSe2-2,-2.868311640346206,6
1MoCl2-2,-1.803174040381132,3
1RuO2-2,-0.3369342565401972,3
1TiBr2-3,-1.2063388070945524e-07,3
1BiBr2-3,-0.49411786321601586,3
1AgSe2-1,2.9035250517560902e-08,3
1WSb2-1,4.1020947030905764e-08,3
2TiF2-1,-1.619723588623381e-07,6
2CuI2-1,-4.167913383794695e-08,6
2OsO2-1,-6.108879304814149e-08,6
1SrF2-3,-1.595062907034944e-07,3
1ReBr2-2,5.125440462412626e-08,3
1SnO2-1,-2.966930956917544e-07,3
1SnO2-3,-2.0077438882679222e-07,3
2NbO2-1,-2.080890836123338,6
3CuI2-1,-1.4182254509893204,9
1RuS2-2,-1.3097446904951604e-07,3
2AgI2-2,-0.48766272045675313,6
1IrTe2-3,-0.6074387772332984,3
1HgBr2-3,-0.26925811854650583,3
1MnO2-1,2.0115700234950637e-07,3
1MnO2-2,-2.3459573191851376e-07,3
1MnO2-3,-2.744589542536689e-07,3
1TlSe2-1,-9.852268371654304e-08,3
1ReSe2-1,-1.2693431711338436e-07,3
2ScBr2-1,-0.36450720904451656,6
1RhS2-3,-1.670428396836779e-07,3
1CrH2-1,-14.251723781201706,3
2CrH2-1,-10.601499968058876,6
1TiI2-3,-0.4999305339386353,3
1TiI2-1,-8.994061794386087e-08,3
2CoTe2-1,-6.890569408865143e-08,6
1RuBr2-3,-1.0273069271268192e-07,3
1AgI2-1,-0.30746985802348265,3
1TiTe2-1,-1.2492304006976595e-07,3
1FeBr2-1,-7.343228403329278e-08,3
1PtI2-1,6.460658799129146e-08,3
1PbBr2-3,-0.9456959181087985,3
1IrF2-1,-5.4672063601911844,3
1WI2-3,-1.4337690844422798e-07,3
1PbCl2-3,-1.5138093823723016,3
6AsO2-1,2.2957650370853345e-08,18
1VS2-3,1.6526186878295997e-07,3
1CoF2-1,-2.6129096402340414e-07,3
1PtBr2-1,-1.1996289479430812e-07,3
1RuSe2-2,8.140580103328616e-08,3
1PdF2-2,-2.893495628336975,3
1GeS2-1,8.643353677437229e-08,3
1AuO2-1,-3.413167617568783e-08,3
1AuO2-2,-6.433625466213186,3
1TaTe2-2,-1.3591029365858488e-07,3
2AsCPbH3S3-1,-3.5534771655419646,18
2NPSnF3O3-1,-2.627867232294704e-07,18
2CSbSnH3O3-1,-3.596236021398364,18
2CCsTeCl3O3-1,-0.0905400952452662,18
2AsCGeF3S3-1,-1.5587105090391412e-07,18
2BrHgO-1,-1.355476370686582,6
1BiBrSe-2,-4.479224721769012e-08,3
2AlGeSe-1,-4.873787093674113e-08,6
2FOsS-1,-2.064548394708824,6
2FNbO-1,-2.6755526460147,6
4PPdSe-1,-9.812528483987316e-08,12
2AlClTe-1,-1.1198822112817613e-07,6
1ISeV-1,-8.708002662673183e-08,3
1ISZn-1,-6.486734432324593e-08,3
2BaMgSn-1,-1.1096430788964884,6
1ClITa-2,-1.1891229246936388e-07,3
2NaPPd-1,-1.0076393879214277e-07,6
2BiClO-1,-1.7947911354273953,6
2ClHfN-1,-2.209413813453506e-07,6
2FLiS-1,-7.030019411834276,6
2BrOsTe-1,-9.896345845050657e-08,6
2AgNaTe-1,-9.260613860739688e-08,6
2AlFTe-1,-1.7490796927060494e-07,6
4AgBrO-1,-0.7085194411187856,12
2BiGeTa-1,2.878233766453731e-08,6
4AlClS-1,-2.851944186614441e-07,12
2AsCoK-1,-1.2532777110519782e-07,6
1BrClW-1,-1.2740109446926344e-07,3
2CaHI-1,-2.869195850919896e-07,6
2ClGaSe-2,-6.659820456199605e-08,6
1ClHfI-1,2.5876380534856716e-08,3
2PSnTl-1,-7.467854609333264e-08,6
4ISeZr-1,-3.975731522416278e-08,12
1AsIS-1,-3.842667713885158e-08,3
2ClOOs-1,-3.5168313947616245,6
2BrHfN-1,-6.578885227956356e-08,6
4BrSeTi-1,-1.2032616030733814e-07,12
4AuBrSe-1,-1.2662485950817604e-07,12
2ClInS-2,-3.8314852156495526e-08,6
2CuFI-2,-1.373782351068591,6
2FMnN-1,-1.4504377800503678e-07,6
1ClIrS-1,-4.348530850272064e-08,3
2FNZr-1,-1.877255099689267e-07,6
4ISeTi-1,-5.530564642255905e-08,12
2ClGeO-1,-7.754251747317034,6
2IORh-1,-0.6223719877217974,6
2IRhSe-1,-8.511612133163939e-08,6
2BrSY-2,-1.086047909767632e-07,6
1FNbS-1,-1.3879061615471456e-07,3
1OSTa-1,-2.480446660799348,3
2CHfI-3,8.047101886052228e-08,6
2BrRhTe-1,-8.146449966006583e-08,6
2AsPbTl-1,-3.212357033890565e-08,6
2AgClN-1,-3.231653313878696,6
4OPPt-1,-1.2264488121428956e-07,12
1OSeW-1,-6.915422269992092,3
2GeHfS-1,-1.6498943881921816e-07,6
4CsCuSe-1,-1.058915536088853e-07,12
2IRhTe-2,-8.165693021368451e-08,6
4AuCuSe-1,-1.08029531858677e-07,12
4AsPdS-1,-9.667398240352408e-08,12
4AgIO-1,-0.7614279622405694,12
2NaNiSb-1,-0.8342320250148486,6
1InSTe-1,-6.285667234565018e-08,3
2CoPdSb-1,-8.707078064703936e-08,6
1BrClZn-1,-6.48763688553372e-08,3
2HKS-2,-2.545794822784578e-07,6
2FFeI-1,-1.0935035727920082e-07,6
1BrITa-1,5.194064539277692e-08,3
1AsSbTi-2,-3.531018005935821e-08,3
1PtSeTe-1,-5.122754378826789e-08,3
2FSSi-1,-5.938655812692993,6
2BrClPb-1,-1.0784699873716864e-07,6
1FeSTe-1,-9.629803591884406e-08,3
2ISeTa-1,-1.148720571771298,6
2CClMo-1,-1.7074773770290718e-07,6
2BrPtTe-1,-4.496422505711196e-08,6
2BrCHf-1,-1.292291165865893e-07,6
2IPbSe-1,-0.7983010827726909,6
2BrCTi-1,-1.6979844889791295e-07,6
2CFFe-1,-31.571635433847067,6
2ClInSe-1,-5.4302397473824476e-08,6
2HgIN-1,-0.3652728493758451,6
2CuITe-1,-1.7417570186490323,6
2BrGeO-1,-7.468553499558422,6
2ClGaTe-1,1.9781649921805726e-08,6
2AgSeTl-1,-4.7984206628608125e-08,6
2ClRuTe-1,-9.788344075268528e-08,6
2ISSn-1,-8.888894651374376e-08,6
1BiBrTe-1,-5.41075630370599e-08,3
2ClNOs-1,-1.5821186163658272,6
1BiMoSb-2,-5.396081794535137e-08,3
4PPdS-1,-1.1273359485358164e-07,12
2AuKSe-1,-5.8210744305937695e-08,6
4PSeSn-1,-6.330231312413725e-08,12
2AlITe-1,-6.545950100566252e-08,6
1ClSSb-1,-1.305346381184324e-07,3
1ClMnTe-1,-3.97959746175251e-08,3
2CsNaTe-1,-1.0287353120105339e-07,6
4FHfS-1,-1.563819127813424,12
2CdClTe-1,-1.7329319403819379,6
2FORu-1,-3.366017428257728e-08,6
2AgFS-1,-1.107893746164252,6
2FRhS-1,-1.032914051373027e-08,6
2AsNiPd-1,-1.260956688401469e-07,6
1AuFO-1,-3.691705599789555,3
1ClINb-2,-6.870281372074986e-08,3
2IIrTe-1,-8.624241882716723e-08,6
2IIrTe-2,-1.668380390950064e-08,6
1ClCrTe-1,7.664836108506327e-08,3
2CClTa-1,-8.311194564313006e-08,6
1ClFTi-1,-2.1713131774251872e-07,3
2ClRhS-3,-1.2231649191119667e-07,6
2IInTe-3,-4.364234659260799e-08,6
2BrHgI-1,-6.542773401902241e-08,6
1Cl2Cu2Se3As4-1,-0.40896352576287287,11
1Au2Cl2Sr3O4-1,-1.7104717369670437e-07,11
1Cl2Cu2S3As4-1,-0.22909221788844386,11
1H2S2C3Ta4-1,-1.685061323378223e-07,11
1Au2Cl2Se3P4-1,-1.2394440442214185,11
1F2S2N3V4-1,-1.3011823061875478,11
1F2S2B3Mo4-1,-2.1079939275210102,11
1Cu2I2Ca3O4-1,-1.1598941893302061e-07,11
1Au2I2Te3P4-1,-0.20259300256266444,11
1H2S2C3Mn4-1,-9.473552974230704e-07,11
1Cl2Cu2Te3As4-1,-0.3694650284648033,11
1H2S2C3Ti4-1,-4.5340352572123775e-07,11
1Cu2I2Se3Sb4-1,-0.16022014795476885,11
1F2S2B3Zr4-1,-1.4867290368808654,11
1F2S2C3Y4-1,-0.8539501189247898,11
1Ag2Cl2Te3Sb4-1,-0.5123085139062659,11
1S2Se2Nb3Br4-1,3.853244111594628e-08,11
1Au2I2Ca3O4-1,-0.18454127460379338,11
1F2S2N3Ti4-1,-1.695587335211633,11
1Br2Cu2Te3P4-1,-0.19412518906911416,11
1H2S2N3Mn4-1,-6.133734820789093e-08,11
1Ag2I2S3As4-1,-1.1963340030923973e-07,11
1Cu2I2Te3As4-1,-7.062636679280637e-08,11
1NF2Nb2S2-1,-2.1094825049602295,7
1CuBr2Sr2Te2-1,-1.6863437344275456,7
1NH2O2Zr2-1,-6.19267282408583e-08,7
1AuBa2Cl2O2-1,-7.295188180579316e-08,7
1AgBr2Ca2Te2-1,-1.2446032863121772,7
1CdF2S2Sn2-1,-1.2145536937765775e-07,7
1PbCu2I2S2-1,1.9705025776529007e-08,7
1HgCl2S2Sn2-1,-0.3515637782454269,7
1CuBa2Cl2S2-1,-1.2363948272408385e-07,7
1NbBr2N2Sc2-1,-1.0963118287838505e-07,7
1AgBr2Ca2O2-1,-0.9212854002731325,7
1CuCa2F2O2-1,-3.692798839988678,7
1NH2O2V2-1,7.98768043695068e-08,7
1AuCa2Cl2Se2-1,-2.005467618946549,7
1AuCa2I2S2-1,-1.777535698508372,7
1BF2S2V2-1,-2.6417108264828397,7
1MoMn2Sb2Te2-1,-3.978496052238525e-08,7
1AuBrF2-1,-9.930355338443822e-08,4
1STeMn2-1,-1.0836959173059965e-07,4
1AgHBr2-1,-7.058863431808158e-08,4
2AgAsS2-1,-9.180373193424612e-08,8
1CdSbS2-1,-1.384620785040645,4
1RbSnO2-1,-1.2838377349134658,4
1CsGeS2-1,-2.6281222754022147,4
2FPdSe2-1,-0.40309501134005987,8
4NbNiSe2-1,-1.5913985483582924,16
2CNaF2-1,-2.631582415827395e-07,8
1CsTiS2-1,-7.284383118894312e-08,4
1CrOBr2-1,-3.639152430144474,4
1CrHO2-1,-8.057090267272834e-08,4
1NbZnCl2-1,-7.170383425336529e-08,4
2AsAuS2-1,-0.5596120771031192,8
1CsSnTe2-1,-3.731641120363399e-08,4
2BiCuTe2-1,-9.062163637694777e-08,8
1AgAuS2-1,-0.8055258367261866,4
4AsKS2-1,-9.686054484407129e-08,16
2AuBiTe2-1,-0.5322457244032702,8
1STeNi2-1,-1.2977508528498926e-07,4
1CrSeBr2-1,-0.8115487093074311,4
1OOsI2-1,-5.226780448373316e-08,4
1AlSeBr2-1,-0.9111714007958283,4
2CuSbSe2-1,-6.855656955658884e-08,8
1GeRbS2-1,-2.669981783559964,4
1CaSBr2-1,-7.612073718619503,4
2AuZnSe2-1,-1.62630318292173,8
1IPdF2-1,-9.238132513874368e-08,4
1CdHfSe2-1,-5.3637390707097577e-08,4
1GaTaTe2-1,-7.05705866432012e-08,4
4AgOH2-1,-6.934816918065782,16
1RhRuI2-1,-0.8589268778653849,4
2GaMnSe2-1,-8.082319351825808e-08,8
1TiVI2-1,2.5674999171660435e-08,4
1CrSbBr2-1,-8.686760626729013e-08,4
1RbSnTe2-1,-2.7442298566772917e-08,4
2HPdTe2-2,-0.394513835095094,8
1NaTiO2-1,-1.4308970921403657e-07,4
1AsGeO2-1,-1.7687585475389384e-07,4
1GaGeTe2-1,-4.1240531655145784e-08,4
1BiZrSe2-1,-6.775742861088426e-08,4
1RbTiSe2-1,-6.891063634751396e-08,4
2CuFO2-1,-1.5286683766451237,8
2BiHO2-1,-3.6015202478661715e-07,8
2CuIO2-1,-1.4736866734351473e-07,8
2HNiSe2-2,-0.3958732285683885,8
2FNiS2-1,-1.729456459461707e-07,8
1CsTiO2-1,-1.2745968407259671,4
1AlNiSe2-1,-1.014638424103064,4
1AuCaBr2-1,-0.463287575209743,4
2CoHTe2-2,-1.7488912892659842e-07,8
1CSiH2-1,-8.343816757040964e-07,4
1SeI2Ti2-1,-4.448985320116762e-08,5
1SAs2Te2-1,-8.349048210862496e-08,5
4TaFe2Se2-1,-1.424642977068053,20
2ScBr2Se2-1,-4.380958050129114e-08,10
1GaF2S2-1,-7.884132608258212,5
2ZrI2Te2-1,-4.5901700071964495e-08,10
2NbI2Te2-1,-6.876196415119241e-08,10
1BH2Mn2-1,-2.4562089789513407e-07,5
1NbH2O2-1,-5.371845634749528e-07,5
1NCr2Se2-1,-1.6855056564751753e-07,5
1NS2Ta2-1,-1.0665760602795002e-07,5
1CTe2Ti2-1,-1.1627818381307907e-07,5
1OS2Sb2-1,-1.357398505330155e-07,5
4OAs2Te2-1,-1.5371684569945746e-07,20
2ZrCl2Te2-1,-8.067751998267247e-08,10
1BrCl2Cu2-1,-1.6052776143389644,5
1NO2Y2-1,-2.0856358785212208e-07,5
1TlH2O2-1,-1.268704736389449e-06,5
1NBr2Sn2-1,-1.2761252619949628,5
1AsNi2Te2-1,-9.010931198338697e-08,5
1TeP2Se2-1,-8.425296919990612e-08,5
1CCr2O2-1,-1.5110901439444422e-07,5
2WI2O2-1,-0.954657321287321,10
1NF2Fe2-1,-1.455924763145135e-07,5
1SeO2Sb2-1,-2.551397544211073e-08,5
1SnNb2Te2-1,-6.893580094104654e-08,5
1NSe2V2-1,-1.4793285288494672e-07,5
1PbF2S2-1,-2.6932495860601085e-07,5
1CF2Ti2-1,-2.056428771845033e-07,5
1BSe2Zr2-1,2.4974616316875026e-08,5
2TaI2Te2-1,-0.962734019543481,10
1BiPd2Te2-1,3.48525840447291e-08,5
1SbCo2S2-1,-1.2963457638888138e-07,5
1BTe2Zr2-1,-7.241535529751318e-08,5
2ScCl2S2-1,-0.5171927380394424,10
1BO2Ta2-1,-2.3186757568180587e-07,5
1GeS2Se2Hg3Br4-1,-0.1617820035412225,12
1FeGa2Te4-2,-8.407517894834123e-08,7
1SnBi2Se4-1,-1.0305167420068894e-07,7
1ZnGa2S4-1,-8.475285851341207e-08,7
1NiIn2O4-1,-1.507206970471858e-07,7
1MnIn2Se4-2,-2.4580165348840344e-08,7
1MoMn2S4-1,-1.41670970804915,7
1CoGa2S4-1,-1.6483831782789945e-07,7
1CoGa2Te4-2,-7.28602558971029e-08,7
1MoCu2O4-1,-3.047015079665139e-07,7
2CdCs2Cl4-1,-0.6165270299717044,14
1CdGa2Se4-1,-8.734086637607947e-08,7
1ZnTl2O4-1,-6.45048352628445e-08,7
2ZnAs2S4-1,-1.1783956859518306e-07,14
2WCd2S4-1,-1.3480594282648705e-07,14
1CuCo2S4-1,-8.461034070516077e-08,7
1FeGa2Se4-1,-8.295723517579756e-08,7
1WAu2S4-1,-0.732838875424379,7
2SrBi2O4-1,-1.1881543287968726e-07,14
1NiGa2Se4-2,-9.096341016843651e-08,7
2MoHg2O4-1,-2.0138208888841683e-07,14
1YBi2S4-1,3.020557563064996e-08,7
2CaI2O4-1,1.511724509808309e-07,14
1FeAl2Te4-1,-1.4331307625207573e-07,7
2CaCl2S4-1,-2.270833846274703,14
1PbSb2Te4-1,-7.547033667129556e-08,7
2SrI2S4-1,-1.6570442414900772,14
2SrCl2O4-1,-3.976341205056583e-07,14
1CdCuTlBa2O5-1,-4.938904878633097,10
1AgHgTlSr2S5-1,-1.3867122281169884,10
1MnScBr6-1,2.2781163277151092e-08,8
2LiNbBr6-1,-7.303162461876715e-08,16
1AuSnF6-1,-1.8477896760768902e-07,8
1NiPdF6-1,-2.2142306957819022e-07,8
1CrNbF6-1,-3.203628669052767,8
2ZrCl3-2,-1.3550629977177176e-07,8
1TlBr3-1,-1.1716332330449055,4
2AgCl3-1,-1.2641646619173372e-07,8
2TiBr3-1,-1.0031926662275788e-07,8
2IrI3-1,-5.9039265652164903e-08,8
2GaI3-1,-1.118293671178738,8
2ScBr3-1,-1.4517877389962546e-07,8
2PdI3-2,-0.7943192065971914,8
2BiI3-3,-0.4817758186959216,8
2WF3-1,-2.4677229295144616,8
2YCl3-2,-6.241000489724252e-08,8
2MnI3-3,-0.8240898601300085,8
2BiCl3-5,-9.009887666354932e-08,8
2PdBr3-2,-1.399705113397507,8
2NbCl3-2,-1.574126026052452e-07,8
2IrSe3-2,-1.3886067609715211e-08,8
2RhO3-2,-4.913648826961658,8
2TiO3-1,-2.2012019404418998e-07,8
2RhS3-1,-7.5202732438975e-08,8
2MoO3-1,-1.3591954853142e-07,8
2PC3-1,-3.4349519820433487,8
2FeBr3-2,-0.9078307532079307,8
2TaI3-2,-6.607990640742214e-08,8
2BiBr3-3,-0.8652122603675632,8
1MnBi3-1,-0.24422673819317006,4
2OsCl3-1,-1.7520861995074553e-07,8
2AlI3-2,-0.7259585402920555,8
4VI3-1,-0.20929088108479188,16
2TaBr3-1,-1.0185556647427914,8
1C2F2S2Ti3-1,-2.5235222115702545,9
1B2F2Se2Zr3-1,-2.2835253474434634,9
1H2N2S2Ti3-1,-5.725138410956543e-07,9
1F2N2S2Ta3-1,-1.3878516805965326,9
1B2F2S2Fe3-1,-2.0898118033052553,9
1B2F2Se2Hf3-1,-2.101264856910884,9
1B2F2O2Mn3-1,-4.4041984817445705,9
1H2N2Te2Ti3-2,-5.782304535367309,9
2SbZnSe3-1,-1.200339515321821,10
2HgSbTe3-1,-0.8185541392967992,10
2PSiTe3-2,-8.991440321501533e-08,10
2AuSnS3-1,-5.897424723911863e-08,10
2BiPTe3-1,-6.367202560513247e-08,10
2LiMgCl3-1,-1.0766675728045581e-07,10
2PZrSe3-2,-0.1502246228229756,10
2PZrSe3-1,-5.665337939122175e-08,10
2CuNiI3-1,-7.399630310460171e-08,10
2AsTaTe3-2,-1.6476741493595843e-08,10
4AuTeS3-1,-8.642775483130555e-08,20
1MnNbSe3-1,-1.367881038839446,5
2OsSbSe3-1,-8.961678118710124e-08,10
2GeSbO3-2,-5.450736429352243e-08,10
2MgSbS3-1,-1.5668874639593153,10
2AsHgSe3-1,-0.7778887694013212,10
2OsSbS3-1,-0.8835886772277934,10
2AsPtS3-1,-7.665146377957329e-08,10
2CdPO3-1,-2.924949982177553e-07,10
2HgVO3-1,3.289935289527994e-08,10
2AsMgO3-1,-1.7554809372514218e-07,10
2AsSbSe3-1,-7.309736664247546e-08,10
2GaTlSe3-1,-5.868899323609507e-08,10
2PVS3-1,-1.9405220305251286e-07,10
2AgSrI3-1,-6.141303467088784e-08,10
2AgCdI3-1,-7.462059938380589e-08,10
2GaInS3-1,-1.4653909734016864e-07,10
2CKS3-1,-0.5490588576426452,10
2ClRbO3-1,-1.1552369054594341e-07,10
2PdSbTe3-1,-0.8421037787555877,10
2BCsS3-1,-2.3019825423273305e-07,10
2MnPO3-1,-2.8309605578894863,10
2HgNaBr3-1,-5.9297574832129657e-08,10
2AsMnS3-1,-0.8680520406255828,10
2NiSbS3-1,-0.086370719478628,10
4CuTeO3-1,-1.953372164817476e-07,20
2AuSbS3-1,-8.916541652471819e-08,10
4BBiO3-1,3.3552677303154126e-08,20
2IrSbS3-1,-0.7937439821224903,10
2PtSbTe3-1,-0.4757895872071619,10
2SbZnS3-1,-1.5233656900040071,10
2PScS3-1,-1.1151700620551502e-07,10
2SbScO3-1,-1.3543323528516685e-07,10
2SbZnTe3-1,-0.8024259279597629,10
2AgPbI3-1,-2.9522652946884517e-08,10
2GaPS3-1,-1.2736343988180024e-07,10
4AuTeO3-1,-0.2701954765568421,20
2FePO3-1,-2.601455469101224e-07,10
2IKO3-1,-2.2995319547290163e-07,10
2CuSiO3-1,-1.4641688705824214e-07,10
2AsSbS3-2,-2.103361891650276,10
2CuSbS3-1,4.45500035420204e-09,10
1BaCu2O8-1,-2.200619088844379e-07,11
1NbNi2Br8-1,-0.3473248616540395,11
1NiCa2O3-1,-2.0277262472414743,6
1SiSe2Mn3-1,-1.2372751200191642e-07,6
2HgPd2Se3-1,-6.679540871274751e-08,12
2TaPd2Se3-1,-6.811749739327362e-08,12
2TaCo2S3-1,3.7449577621484354e-08,12
2TlNi2Se3-1,-1.1595031713636852e-07,12
1IAg2Br3-1,-1.2672456662526144,6
1SeNi2S3-1,-1.090497509419151e-07,6
2TaPd2S3-1,2.118457528545545e-08,12
2TlPd2Se3-1,-1.1935304684645803e-07,12
1BrPdScS2-1,-1.0530932485224996e-07,5
1OPdTiBr2-1,-0.8387770321432784,5
1CoNiPTe2-1,-1.0578076574567829e-07,5
1BrISCd2-1,-4.2009059916344785e-08,5
2BiBrHgS2-1,-6.903996609448193e-08,10
2BiFHgO2-1,-8.823491635727268e-08,10
1MnOWTe2-1,-1.3401732253375967e-07,5
1BrISTi2-1,-1.194114951405127e-07,5
1BiSZrI2-1,-0.5993813620522368,5
2BiBrCdS2-1,-0.4845288536894377,10
2BrMnPTe2-2,-6.314258508197221e-08,10
2ClMnPO2-2,-9.949377522142369,10
2AsClMnSe2-2,-6.449998275776767e-08,10
2AsIMnO2-2,-0.7546266263703794,10
2BrMnSbS2-2,-1.1660648193558428e-07,10
1BrSTeTa2-1,-5.846881287344836e-08,5
1MnNSbBr2-1,-1.5705620607345912e-07,5
4BaHSbS2-1,-1.8817871449580457e-07,20
2BrMnPO2-2,-8.691453712026462,10
4BaFPTe2-1,-1.0417710551098745e-07,20
4FPSrSe2-1,-1.072733442918484e-07,20
4ClSbSrTe2-1,-7.840979908859828e-08,20
4AsBaHTe2-1,-1.0062408865515426e-07,20
1MnNiOBr2-1,-1.4805601331565192,5
1BMoWTe2-1,1.8398674053616957e-08,5
1LiNiPdSe2-1,-0.5633323514208008,5
2BrIrNiS2-1,-7.555398298229367e-08,10
2NbSSeNi2-1,-4.0956368565353866e-08,10
2GaPSeS2-1,-5.658538289376599e-08,10
2AuBClO-1,-0.8662347525647175,8
1BrIRuS-1,-1.005263999251093,4
2CuFNS-1,-0.5554569691371722,8
2AgBrCdS-1,-4.338565340705062e-08,8
2CdCuFSe-1,-7.836098891532917e-08,8
1ClInSeSi-1,-1.07312291551403e-07,4
2AuCdClSe-1,-2.5244324463526556e-08,8
1BiBrISb-1,-1.0091431500099348,4
1BiBrCdI-1,-0.8147887456367167,4
4AgFIS-1,-0.43032541089613585,16
1CaClCuSe-1,-3.649580273659109e-08,4
1NbSTeZr-1,-1.9087669640310013e-08,4
1GeIMnSe-1,1.0373109779379066e-08,4
1CuReSSe-1,-1.1306248551929624e-07,4
2AgBrCdSe-1,-6.516756280946275e-08,8
1AuClCuI-1,-6.987084723882243e-08,4
2CClCuO-1,-2.0893672075238297e-07,8
1GaGeSeTe-1,-9.406113098196399e-08,4
2IRe3Se4-1,-6.331601373577088e-08,16
1SbCu3S4-1,-0.9173586968823931,8
1BrMn3S4-1,-1.90325563059433,8
1AgScP2S6-1,-7.006312097106038e-08,10
1AuCrSb2S6-1,-2.5169411315727945,10
1CoLiAs2Se6-1,-1.2399714564456241,10
2CuVSb2Te6-1,-0.726017263988442,20
2AsHP2S6-1,-0.6438453178079193,20
2CuVSb2Se6-1,-1.166838745565033,20
1CuTlAs2Te6-1,-1.1372811583689713e-07,10
1AuVP2Se6-1,-4.6648867248277053e-08,10
1CuGaP2S6-1,-5.111940894127261e-08,10
1AlNaP2O6-1,-1.93589956302489,10
1AgAlAs2Te6-1,-8.482678573924518e-08,10
1CuInP2Te6-1,-2.8233098961477187e-08,10
1CuScSb2Se6-1,-1.42438034189215,10
1NaNiSb2S6-1,-1.1000275084633344,10
1WYP2S6-1,-1.6191761546009015e-07,10
1CrCuAs2Se6-1,-1.1449560800718752,10
1CuVP2Te6-1,-1.0866801485196398e-07,10
1FSbTe2O6-1,-1.8999158446554736e-07,10
1AgBiAs2S6-1,-6.26189180494666e-08,10
2AgCrAs2Se6-1,-0.46741561384231795,20
1InLiSb2Te6-1,-0.3936210767095175,10
1AlAuSb2Te6-1,-0.7445236907565227,10
1AlLiP2Se6-1,-1.1303349065509063e-07,10
1NaPdP2Te6-1,-9.445162275214261e-08,10
2CrCuSb2Te6-1,-0.7571868401554418,20
1CuSbAs2S6-1,-1.5531658311002652e-07,10
1AuSbP2Se6-1,-4.503834492864639e-08,10
1AgInSb2S6-1,-1.1041069470455804,10
1CuVSb2S6-1,-1.1481923192201655,10
1AuCrSb2Se6-1,-1.569793867329359,10
1AlNaAs2O6-1,-1.8265624144483072,10
1BiCuAs2S6-1,-8.105219094640475e-08,10
1AgInAs2O6-1,-1.0476696573394584,10
1InNaAs2O6-1,-0.18801151961867343,10
1AgTlAs2Te6-1,-8.240357394311583e-08,10
1BiCuSb2Se6-1,-0.4597371095570306,10
1NaNiSb2Te6-1,-0.8787253380508837,10
1MnSb2F12-1,1.0242753610584129e-07,15
1SrP2F12-1,-1.7051434235088044e-07,15
1MnFe2C12-1,-4.9119305717169235,15
1NiMn2C12-1,-6.114231230202697,15
1C3Ta4-1,-1.8434853166350221e-07,7
1Fe3Te4-1,-2.6304356342590972e-08,7
1Mn3Se4-2,-4.282891127988994e-08,7
1C3Y4-1,-1.345022893257051e-07,7
1Ga3Se4-1,-1.4133418503394142,7
1Ni3S4-1,-0.7481723245710333,7
1Tl3S4-1,-0.9659547406475045,7
1Ga3S4-1,-1.24073810930388,7
1C3Cr4-1,1.7940193841628747e-07,7
1InLiCl4O12-1,-3.1881199692627645e-07,18
1InKI4O12-1,-2.8531711518685005e-07,18
1InNaI4O12-1,-1.76059948724097e-08,18
2InS-2,-2.105780805576162e-07,4
4CuTe-1,-8.290447410301329e-08,8
2AlS-1,-5.1019377538494525e-08,4
2IIr-1,-1.1201121705974673e-07,4
2GeSe-3,-5.150071401368904,4
2ClGe-2,-4.954397783938609,4
2FeI-1,-1.2548647736187249e-07,4
2ORh-3,-1.5488925907285862e-07,4
2AuI-2,-2.180285012719169,4
2HfSe-5,-1.1685583113374576,4
2STi-2,-1.4593784118286861e-07,4
2FIn-4,-5.663819697157577,4
2CrO-1,-3.2233382189860004e-07,4
2ILi-1,-9.082864996292109e-08,4
2IrO-2,-1.6371108928276095,4
4MnSe-2,-4.2062586492950436e-08,8
4OSn-1,-1.380809178561149e-07,8
2RuSe-4,-1.1143865288111052e-07,4
2CrTe-3,-1.1349135644214166,4
3FTl-1,-7.74064309129021e-08,6
3CuI-3,-0.6623366809604726,6
3CuI-4,-1.2276378414479219,6
6BrLi-2,-1.0522395777676086e-07,12
2TeZr-1,4.369485074343035e-08,4
12AgBr-1,-1.0454800738105738e-07,24
2BrW-2,-0.20298606043017953,4
2AlO-2,2.383494797344718e-07,4
2CrSe-1,-3.778319656513795,4
2PtS-6,-1.8204929863575898,4
2AsSe-1,-1.5088592710389374e-07,4
3ClTl-1,3.163536632343418e-08,6
2ISc-1,-1.1480406804922252e-07,4
2InO-1,-2.2602992356352062e-07,4
2AgCa-1,-1.3740896045845287e-07,4
2HfTe-3,-9.797937648412599e-08,4
2FPb-1,-0.45750777093604533,4
2FZn-1,7.500137463219292e-08,4
2NiS-4,-0.227870638061318,4
2RhSe-5,-5.9140836486102475e-08,4
6FTl-2,-0.37036004690679025,12
2NiO-1,-2.4312880680525664e-07,4
2InSb-1,-2.9469612052643697e-08,4
6AgF-4,-0.9808731321853145,12
2GaP-1,-1.8751878632106402e-07,4
4AuS-1,-8.347439399147507e-08,8
2BrSc-3,-2.768205899597469,4
2CdF-2,-3.2402401994080883,4
2NbSe-1,7.72293132810854e-08,4
2NbSe-3,-9.192802800740202e-08,4
2NbSe-5,-2.0780893852077384,4
2SbSe-3,-4.222501355377,4
2GeI-1,-3.178466625053324,4
2ITl-1,-6.885843477629501e-08,4
2FRh-2,-3.3565939875456032,4
2SeW-3,-1.241047008837946e-07,4
4NiSe-1,-8.251198866219323e-08,8
1ClCr-1,-9.77383287444456e-08,2
2OSb-1,4.6176061312997486e-08,4
2CuTe-2,-7.077472031595036e-08,4
2BrTl-1,-5.5994101949645974e-08,4
2BrZr-1,-1.3116460057112724e-07,4
2ClZr-2,1.190131490471767e-07,4
2ClPd-3,-2.8259027048500207,4
2ORe-3,-6.218920016383099,4
2AlBi-1,3.635919368834093e-08,4
2FNa-2,-2.014031245960305e-07,4
2SZr-2,-0.8924459586937793,4
2AgI-2,-1.0708859737273021e-07,4
2IZr-2,5.51820005707387e-08,4
2BrHg-1,-0.2795549676609462,4
2INi-1,-9.475577020979518e-08,4
2INi-2,-1.1151410509602722e-07,4
2BrCu-2,-1.3549256496528315,4
2SV-5,-2.6119062537312487,4
2SeV-2,-1.5197398819252762e-07,4
2OSi-1,-1.692913572119832e-07,4
2ORu-4,-4.591359620814621,4
2OTl-1,-1.5103735508560287e-07,4
2PTe-1,-1.1854886300381883e-07,4
2AuTe-4,-2.1847128870430546e-08,4
2MnSe-1,-1.6386845330626342e-07,4
3ClIn-2,-0.3701121911941208,6
2IrS-6,-3.4719265453877224,4
2AsTl-1,-0.2506672755644196,4
8ClCu-2,-1.9639762704221497,16
2RhS-1,1.062340857315805e-07,4
2ClNaS2H4-1,-1.1813798512050007e-06,16
2SZnH2O4-1,-7.345424021843028e-07,16
2BrNaO2H4-1,-1.3971494299304758e-06,16
1NiTiS2I4-1,-0.83081876927053,8
2NNaRuSF5-1,-1.3123305131794911,18
2CsNOOsF5-1,-3.7054916396334796e-07,18
2NOsRbSF5-1,-1.924457223330359e-07,18
1Fe2I2Ba3S5-1,-1.2567003385166323e-07,12
1Cl2Mn2Ca3S5-1,-3.2989323125502543,12
1I2Mn2Sr3S5-1,-1.044478679105949,12
1Cl2Mn2Ba3S5-1,-1.0228823684943395e-07,12
1Fe2I2Ca3S5-1,-3.6158443791226142,12
1Cl2Co2Sr3S5-1,-1.4776486232616652,12
1I2Mn2Sr3O5-1,-1.8100685053837617e-07,12
1Cl2Co2Ca3S5-1,-2.719475603654493,12
1Cl2Ni2Ca3S5-1,-4.056305475541714,12
1GaF2Ni5-1,-2.8842924016131857,8
1AlCl2Co5-1,-1.8508748876654784e-07,8
2MnF2S5-1,-0.49069281651306484,16
1TlCl2Pd5-1,-1.827445750589951,8
2LiCr2O5-1,-5.037406871855595e-07,16
1GaCl2Co5-1,-9.097765083511718e-08,8
1IPd2Cl5-1,-8.478595997736232e-08,8
1BrGa2Cl5-1,-9.223069848171881e-08,8
2CoNb2Se5-1,-0.06189647082208274,16
2PdTa2O5-1,-1.395052810021118e-07,16
2PdTa2Se5-1,5.950455618870922e-08,16
1AlBr2Pt5-1,-8.15276667135813e-08,8
1InBr2Fe5-1,-0.7025494768336368,8
1InCl2Pd5-1,8.770240687701173e-09,8
1TlBr2Ni5-1,-8.988857879341181e-08,8
2KNRuS2Br4-1,-1.3218269584925918e-07,18
2NOsRbO2Br4-1,-1.6518983109943586,18
2KSeHg2Cl3O3-1,-0.9686468926544476,20
2KTeCd2Cl3S3-1,-2.7608392346424506,20
1IMnBr2Nb3O3-1,-1.1290524129281194e-07,10
2NaSeHg2Cl3O3-1,-2.2672613566628543,20
2KSeHg2Cl3S3-1,-0.7886425123505005,20
2RbSeHg2Cl3S3-1,-0.7761477632895255,20
2KTeCd2F3O3-1,-5.2576379645956095,20
2RbTeCd2Cl3S3-1,-2.757798918251925,20
1PdI2N2F4B6-1,-3.5986826909892824,15
1InNbZn2Br4O4-1,-1.288161046009408e-07,12
1H2B3Hf4-1,-2.043000017986567e-07,9
1S2N3Hf4-1,-1.492428057451306e-07,9
1H2B3Mo4-1,-4.011492153330403e-07,9
1O2C3Zr4-1,-2.2429687167371192e-07,9
1H2C3W4-1,-2.220054533852031e-07,9
1F2N3W4-1,-1.60798213782239,9
1I2Nb3O4-1,-0.510943086732446,9
1H2B3V4-1,-2.919336986658845e-07,9
1H2C3Sc4-1,-2.000068032700806e-07,9
1F2C3Sc4-1,-1.344185627778751e-07,9
1HfNbBr2N2-1,-4.195875547518579,6
1HfZrI2S2-1,-2.4372916438590486e-08,6
1GaMnCl2O2-1,-1.6888993538791706e-07,6
1AuInBr2O2-1,-1.0740857848108391e-07,6
1PdZrCl2S2-1,-1.0194169787605146e-07,6
1BrSeI2Mn2-1,-4.5398214680914324e-08,6
1OSBr2Hf2-1,-4.040414241321381,6
1BiSbI2S2-1,-6.405302589015022e-08,6
1BrIS2Zr2-1,6.750307617902298e-08,6
1BrClS2Tl2-1,-0.11169085239521614,6
1BrClSb2Ti2-1,-5.69862822244758e-08,6
1MnVI2N2-1,-0.7262520540593674,6
1CoNiCl2S2-1,-0.926928683861915,6
1HgYCl2O2-1,-1.011179510602872e-07,6
1GeSbBr2Mn2-1,-1.157240400843862,6
1AlMnI2S2-1,-1.1532452074112262e-07,6
1ISeS2Ti2-1,-8.498404438046623e-08,6
1ScZrCl2O2-1,-1.2586707809794649e-07,6
1SbSrI2S2-1,-5.1034647871714194e-08,6
1TiZrI2S2-1,6.0058051419624e-08,6
1NiBr2N2B4H4-1,-0.8713465765268434,13
1CdF2N2C4H4-1,-0.6259300652412705,13
1FeCl2N2C4F4-1,-4.409189942756596e-07,13
1HgOPtSBr2-1,-1.2842958930762756,6
1BrGaIMnS2-1,5.944826859929394e-08,6
1AgClGaIS2-1,-6.38442238676958e-08,6
1AuSSeSnI2-1,-6.727676557726027e-08,6
1NOScZrBr2-1,-1.4245261791550352e-07,6
1BrISSeHf2-1,-1.0809106935181462e-07,6
1CrSeTeWS2-1,-0.2360698368189621,6
1NOVWBr2-1,-8.754790672574691,6
1BiSSeSnI2-1,-6.489837965862646e-08,6
1BrISbWS2-1,-1.0462343715390595e-07,6
1GeMnOSI2-1,-0.2653063005956336,6
1ClINbTaTe2-1,-9.853399555107235e-08,6
1BrClHfZnO2-1,-2.8366881329575722e-08,6
1SSbSeSnCl2-1,-4.783789544133187e-08,6
1GeRuSSeBr2-1,-8.519256297399734e-08,6
1ClFeIZnO2-1,-0.8604837998547995,6
2CCaFO3-1,-1.8869635181253277,12
2HPPbO3-1,-1.1783991997031561e-06,12
2HNRbO3-1,-8.388782020365424e-07,12
2AsFPbS3-1,-2.0862700248430209e-07,12
2CHNaO3-1,-9.939990026601685e-07,12
2CCsHO3-1,-6.559929738303409e-07,12
1ISrVCl3-1,-7.168739796650281e-08,6
2FPPbS3-1,-2.64015137639399e-07,12
2AsFPbO3-1,-1.277864850840439e-07,12
2HPSnO3-1,-7.035427162742308e-07,12
1F2N2Ta3-1,-5.021211423245909,7
1N2O2Mo3-1,-1.095411845111106e-07,7
1F2N2V3-1,-2.5009340477155125e-07,7
1F2N2Nb3-1,-1.832018618517979e-07,7
1B2O2Cr3-1,-2.4381965912124284,7
1C2F2V3-1,-2.7923285096022334e-07,7
1C2O2Nb3-1,-3.016829090754261e-07,7
1B2H2Y3-1,-1.9360790323967092e-07,7
1C2O2Ti3-1,-3.3825658935056817e-07,7
1B2Cl2Mo3-1,-2.2053397696155683e-07,7
1I2N2Nb3-1,-0.7531376013973691,7
2KC2H3O3-1,-3.606171777573079e-07,18
1AsSn2Se6-1,-1.2578585888251693e-07,9
2ITa2Se6-1,-6.498105323995317e-08,18
1AsSn2Te6-1,-0.7160895389076877,9
1ReAg2Cl6-1,-9.526244478526493e-08,9
1NiTa2O6-1,-2.304142036082715,9
1ReCu2Br6-1,-9.2386045461799e-08,9
2SeAu2S6-1,-0.47257076985016244,18
2CuSb2S6-1,-1.1402006146449194e-07,18
1PPb2O6-1,-2.1112175047743928e-07,9
1PSn2O6-1,-4.4805958071230845e-07,9
1BrSAg2Cl3-1,-0.5858192760745711,7
2FeIBa2S3-1,-1.3007548475512822e-07,14
2BrMnCa2O3-1,-2.2578542547952014,14
1AgCrCl2S3-1,-4.80055538773784e-08,7
1BrClN2Hf3-1,-1.3921653339246736e-07,7
1AsSnBr2O3-1,-1.0943572202321442e-07,7
2CoICa2S3-1,-1.2947210802849414e-07,14
2IMnSr2S3-1,-8.533869256653218e-08,14
2BrMnSr2S3-1,-4.986962155390697e-08,14
1BrIS2Au3-1,-0.1027928700239854,7
2AgBrH2N3-1,-3.2028308934954484,14
1GeZrCl2O3-1,-1.5276649817360595,7
2BrMnSr2O3-1,-1.6854358904153947e-07,14
2SeTe2O7-1,-1.9780506739721819e-07,20
2PtNb2S7-1,8.122052183764841e-08,20
2PtTa2Te7-1,-7.080725025768385e-08,20
1Al2Ni2Te5-3,-0.9451319056955679,9
1H2V2O5-1,-7.27636970160642,9
1Al2Ni2Se5-2,-2.5830504868738267,9
1In2Ni2Se5-3,-2.8661907988736397,9
1In2Ni2O5-1,-1.6473977180648047e-07,9
1Al2Ni2O5-1,-2.7259766216750355e-07,9
1In2Mn2O5-1,-1.4782165049493968e-07,9
1Fe2P2S5-1,-1.4298196106637526,9
1Co2Ga2Te5-2,-7.604214152625053e-08,9
1Al2Co2O5-2,1.2531275821314136e-07,9
1Al2Ni2S5-2,-4.812211719416357,9
1Ga2Mg2S5-1,-1.0295780705769375e-07,9
1C2Y3-1,6.987853621792044e-08,5
2In2Te3-2,-5.955569969740643e-08,10
1Sb2Te3-1,-1.2924876392720965e-08,5
2In2S3-3,-1.1700050850465109e-07,10
1Co2Se3-2,-7.117810458117991e-08,5
4Ta2S3-2,-0.9217515180028851,20
2Al2Te3-1,4.812341940852173e-08,10
1In2S3-1,-1.641159612427249,5
1Te2Hf3-1,-1.0107224337511176e-07,5
2Sc2Se3-1,-1.1755849647378055e-07,10
2P2S3-1,-1.7840737923661888e-07,10
2S2Cu3-3,-7.553162919923826e-08,10
1Tl2Te3-1,-0.19908189920569358,5
1Co2S3-1,-1.478352505676487,5
1VW3S8-1,-1.1522568756669526e-07,12
1TiHf3O8-1,-2.533249673873397e-07,12
2GaCl2N2H5-1,-10.151422379946451,20
2InCl2N2H5-1,-10.227362711046675,20
2InC2F2H5-1,-6.194804508618425,20
2AlCl2N2H5-1,-9.541261273297149,20
1ClBr2Cr3O4-1,-1.5012931783856624e-07,10
1KS2W2I6-1,-9.765298755623153e-08,11
1LiO2W2I6-1,-3.8603051052097275,11
1ClHfZrNb2Br3O4-1,-0.2527370687560701,12
1NLi4S4-1,-4.534423195088626,9
2FeNbSe5-1,-9.198792386156891e-08,14
2NbNiSe5-1,-3.644516227906795e-08,14
2AsBeO5-1,-3.2379415974065494e-07,14
2FeNbS5-1,4.2412410351786284e-08,14
2PVO5-1,1.414576978090507e-07,14
2NbVS5-1,-1.462214952023461e-07,14
2MoVSe4-1,-5.366522808907686e-08,12
2AsScO4-1,-2.6573981442555365e-07,12
1IrPbBr4-1,-5.8217351126155036e-08,6
2OsTaTe4-1,-7.09637457774088e-08,12
2SeSnO4-1,-0.9017038786652267,12
2GaInF4-1,-0.17700770314539283,12
2GeZrS4-1,-5.562836020153384e-08,12
2CrMoTe4-1,-9.449070293946264e-08,12
2HfZrS4-1,-8.493534223454334e-08,12
1GeSbBr4-1,-6.013376294961434e-08,6
2TiZrS4-1,5.797265853189118e-08,12
2RuTaTe4-1,-4.0810470756221516e-08,12
2HfSiSe4-1,-8.42446902373868e-08,12
2VWO4-1,-2.0719429416903223e-07,12
2CrPS4-1,-1.783069328857866e-07,12
2AlTlCl4-1,-0.2966207941346391,12
2AlTlH4-1,-0.4166826170100661,12
1SSnO4-1,-1.31598571127071e-07,6
1HfMn3Br4S4-1,-4.449063397519867e-08,12
1NbH4-1,-21.756506052997377,5
1AlS4-1,-1.991860080663681,5
2MoH4-1,-16.187771359341955,10
1InTe4-1,-8.340550047830922e-08,5
1MnSeVBr4-1,-3.3801249744928746e-08,7
1AlCdTlO4-1,-0.41228234775442685,7
2IMnMoS4-1,-2.007782713575719,14
2FGaTeO4-1,-1.7997932752418191e-07,14
1GaHgTlS4-1,-0.23427860292292513,7
2AlFSeS4-1,-1.9302965490154306e-07,14
2AlHSeS4-1,-4.3450704694498995e-07,14
2HInSO4-1,-5.721043346966213e-07,14
2CoFWS4-1,-2.0513259242626014,14
1AlGaHgO4-1,-0.7111367371088801,7
1CdInTlSe4-1,-7.915494769814827e-08,7
2AlFSO4-1,-3.894569574747901e-07,14
1ClO2Se2Pd3-1,-5.88625722080704e-08,8
2ZnBi2F2S3-1,-1.8680041721279523,16
2NiAs2Br2O3-1,-0.2509019251250453,16
1NCl2O2Hf3-1,-1.1976281569496213e-07,8
2CoCl2Sb2S3-1,-1.0447929213307534,16
2ZnCl2Sb2O3-1,-0.7653184508508133,16
2CoBr2P2O3-1,-1.8819266827455483e-07,16
1GaBr2In2Se3-1,-8.385911262279171e-08,8
2GeNb3Te6-1,-6.822762503286392e-08,20
1CuSb3S6-1,-5.622045494351814e-08,10
2FP3S6-1,-1.9497045269199667,20
2FSb3S6-1,-0.23287086179776822,20
2HSbSeO5-1,-4.829958944291131e-07,16
1GeW2Mn3Se8-1,-1.0275879449525481e-07,14
1HfK2F6O6-1,-2.5217847561556266e-07,15
1NiC2B6F6-1,-0.8331839243839616,15
1HfLi2H6O6-1,-7.255671191310186e-07,15
1PtLi2H6O6-1,-7.709422905983159e-07,15
1HfK2F6S6-1,-1.74048532582091e-07,15
1FeSn2C6N6-1,-8.033524773109817e-07,15
1BrClGaI2In2S3-1,-9.024664109018166e-08,10
1BrFeSeMn2Cl3-1,-8.348844728279098e-08,8
1AuGaTaCl2S3-1,-6.548416110857393e-08,8
1FeLiPdI2S3-1,-1.777527342850737,8
1MnNbOZrSe2Br4-1,-6.259075978094486e-08,10
1ClOScSeHf2Br4-1,-1.4378022244365118,10
1Ta7Se12-1,-3.140787864148475e-08,19
1Sc2S5O13-1,-2.98370875188296e-07,20
1Sc2Te5S13-1,5.8496471827729236e-08,20
1ClCu2Se3V3Br5-1,-0.5569278454342814,14
1MgK2S2F4O8-1,-4.034889849743721e-07,17
1IrRh2S2Br4-1,-1.9177075891323387,9
2SrBr2O2H4-1,-7.219440158837823e-07,18
2CuC2F2S4-1,-1.201682546240351,18
2AgClNC3H4-1,-0.8359757905769072,20
2CLiOH3N4-1,-4.410435184757559,20
1IrLi2Nb3Te6-1,-1.1152585619051636,12
1NiF2H4C6-1,-1.4417658030812815e-06,13
1NiC2B4F6-1,-2.1208431739843524e-07,13
1NiBr2H4C6-1,-0.24048737897637942,13
1CdBr2H4N6-1,-1.6706408827981354,13
1BeAs2F4O4-1,-4.872622067350659e-07,11
1CrILiNiTe-1,-8.454146149160301e-08,5
1ClLiNiTiZrS3-1,-1.5722656439843113e-07,8
1BrClCuInNiO3-1,-1.6668328017369776e-07,8
1P2Pt3Te8-1,-1.2620103317330143e-07,13
1MoReRu2O8-1,-0.9151183083286416,12
1BrGaIVZrO2-1,-1.0766786265832445e-07,7
1NiPdSSeTiI2-1,-9.421355526346307e-08,7
1IrSTeAu2Se2-1,-1.0997724544787362e-07,7
2CuINB2H2-1,-4.800240850246901e-07,14
2ClCuNC2H2-1,-1.1672860731645614e-06,14
2AgCIB2F2-1,-0.8771317597027521,14
2CuINB2F2-1,-0.6337892176474094,14
1AuOZrBr2F2-1,-1.380548423723035e-07,7
1ClGaIMoBr2O2-1,-0.7316415067766276,8
1BrIOTaCl2Co2-1,-1.6244913340546303,8
1HfSeI2S2Sc2-1,-7.990793287609397e-08,8
1BrClI2S2Zr2-1,-8.510915909375573e-08,8
1CuWBr2Cl2N2-1,-4.683070798131941,8
1HfNiTi2I4S6-1,-0.7291108352104295,14
1AsSNb2Se4I6-1,-0.3083701245943613,14
2CCsH3S4-1,-3.8003676402551823,18
2CRbCl3S4-1,-0.38010203426341,18
2CKH3O4-1,-3.716362167759039,18
2CRbH3S4-1,-3.3550887807886998,18
1Nb3Pd3Te14-1,-5.818656382867977e-08,20
1Nb3Ni3Se14-1,-0.24013088864831705,20
1Nb3Ni3Te14-1,-4.241876301455539e-08,20
1Tl2Zn3O6-1,-1.1352439444389412e-07,11
1Ga2Zn3Te6-1,-8.259270536016847e-08,11
1SGe3Se5-1,-6.213935851139986e-08,9
3W5N6-1,-2.047926289455123,33
1Al2Se5-1,-3.8709262760888508,7
1Ga2Se5-1,-3.8339898936775048,7
1V2O5-1,-4.328088611638704,7
1CrIMoOCl3-1,-1.2894071752676124e-07,7
1BrIMnWN3-1,-1.5930078568126197e-07,7
1BrClNOZr3-1,-1.2414298034231382e-07,7
1COSTaNb2Br3-1,-1.6691096282681914e-07,9
1CoMnBr3Te3-1,-8.285882399831391e-08,8
1INb4O7-1,-1.6309370094499833e-07,12
1PdS4C6F8-1,-1.1111443608738691,19
1SeBr2S3Cl6Cu6-1,-0.10405903669657897,18
1CuS2H4N12-1,-5.521735968849621,19
1AgO2H4N12-1,-5.351259924140254,19
1BiGaPt2S2Se4-1,-8.843896525069959e-08,10
1IBr2Hf2Se2Zr2S3-1,-9.037278118461779e-08,12
2Te3O7-1,-1.5940838647936031e-07,20
2MgWS7-1,-1.4806481207516593,18
1BrINb2O2V2N3-1,-2.240754652066318,11
1NaC2H3S5-1,-1.1073134424967115,11
1W17Te32-1,-0.9802301010169923,49
1CuGeIMnO8-1,-2.2016399082718365,12
1CuNiReBr8-1,-7.152222056654843e-08,11
1TeI4Se7Pt8-1,-4.10768033490077e-08,20
2Te8Hf13-1,-1.1772348663497725e-07,42
1RhSe2Br3Mo3S3-1,-5.638552614772035e-08,12
